{"cameraMode":{"drawMode":0,"name":"Shaded","section":"Shading Mode"},"sceneLighting":false,"audioPlay":false,"sceneViewState":{"m_AlwaysRefresh":false,"showFog":true,"showSkybox":false,"showFlares":true,"showImageEffects":true,"showParticleSystems":true,"showVisualEffectGraphs":true,"m_FxEnabled":false},"in2DMode":false,"pivot":{"x":-0.2082967907190323,"y":0.8476631045341492,"z":-0.0075643062591552738},"rotation":{"x":-0.17342659831047059,"y":-0.005320324096828699,"z":0.0009374974179081619,"w":-0.9848339557647705},"size":0.7891530394554138,"orthographic":false}