{"cameraMode":{"drawMode":0,"name":"Shaded","section":"Shading Mode"},"sceneLighting":false,"audioPlay":false,"sceneViewState":{"m_AlwaysRefresh":false,"showFog":true,"showSkybox":true,"showFlares":true,"showImageEffects":true,"showParticleSystems":true,"showVisualEffectGraphs":true,"m_FxEnabled":false},"in2DMode":false,"pivot":{"x":0.01798604428768158,"y":0.6062291860580444,"z":0.014752693474292755},"rotation":{"x":-0.08586876839399338,"y":-0.17335082590579987,"z":0.015172228217124939,"w":-0.9809956550598145},"size":0.3930426239967346,"orthographic":false}