{"cameraMode":{"drawMode":0,"name":"Shaded","section":"Shading Mode"},"sceneLighting":false,"audioPlay":false,"sceneViewState":{"m_AlwaysRefresh":false,"showFog":true,"showSkybox":false,"showFlares":true,"showImageEffects":true,"showParticleSystems":true,"showVisualEffectGraphs":true,"m_FxEnabled":false},"in2DMode":false,"pivot":{"x":142.67250061035157,"y":-1.4901161193847657e-8,"z":5.960464477539063e-8},"rotation":{"x":-0.08556158095598221,"y":0.9142653942108154,"z":-0.28914859890937807,"w":-0.2705390751361847},"size":0.2402135133743286,"orthographic":false}