{"cameraMode":{"drawMode":0,"name":"Shaded","section":"Shading Mode"},"sceneLighting":false,"audioPlay":false,"sceneViewState":{"m_AlwaysRefresh":false,"showFog":true,"showSkybox":false,"showFlares":true,"showImageEffects":true,"showParticleSystems":true,"showVisualEffectGraphs":true,"m_FxEnabled":false},"in2DMode":false,"pivot":{"x":3.8440001010894777,"y":3.8439998626708986,"z":3.8440001010894777},"rotation":{"x":-0.08556158095598221,"y":0.9142653942108154,"z":-0.28914859890937807,"w":-0.2705390751361847},"size":0.38657495379447939,"orthographic":false}