{"cameraMode":{"drawMode":0,"name":"Shaded","section":"Shading Mode"},"sceneLighting":false,"audioPlay":false,"sceneViewState":{"m_AlwaysRefresh":false,"showFog":true,"showSkybox":false,"showFlares":true,"showImageEffects":true,"showParticleSystems":true,"showVisualEffectGraphs":true,"m_FxEnabled":true},"in2DMode":false,"pivot":{"x":0.09453094005584717,"y":0.5789746642112732,"z":-0.31523066759109499},"rotation":{"x":-0.24372059106826783,"y":0.3204329013824463,"z":-0.08569172769784928,"w":-0.9113633036613464},"size":0.749721109867096,"orthographic":false}