{"cameraMode":{"drawMode":0,"name":"Shaded","section":"Shading Mode"},"sceneLighting":false,"audioPlay":false,"sceneViewState":{"m_AlwaysRefresh":false,"showFog":true,"showSkybox":false,"showFlares":true,"showImageEffects":true,"showParticleSystems":true,"showVisualEffectGraphs":true,"m_FxEnabled":true},"in2DMode":false,"pivot":{"x":0.018174387514591218,"y":-0.02584858238697052,"z":-0.024236217141151429},"rotation":{"x":-0.05489576607942581,"y":0.943268358707428,"z":-0.25984883308410647,"w":-0.1992751806974411},"size":0.11870183795690537,"orthographic":false}